{"ProjectBreakpoints":"{\"Value\":{\"Main.xaml\":[{\"ConditionalExpression\":null,\"ActionExpression\":null,\"ExpectedHitCounter\":null,\"ShouldContinueAfterAction\":false,\"IsEnabled\":false,\"ActivityId\":\"1.22\",\"ActivityName\":\"Literal<String>\"},{\"ConditionalExpression\":null,\"ActionExpression\":null,\"ExpectedHitCounter\":null,\"ShouldContinueAfterAction\":false,\"IsEnabled\":false,\"ActivityId\":\"1.15\",\"ActivityName\":\"Assign excepton to SystemError\"},{\"ConditionalExpression\":null,\"ActionExpression\":null,\"ExpectedHitCounter\":null,\"ShouldContinueAfterAction\":false,\"IsEnabled\":false,\"ActivityId\":\"1.21\",\"ActivityName\":\"Invoke InitiAllApplications workflow\"},{\"ConditionalExpression\":null,\"ActionExpression\":null,\"ExpectedHitCounter\":null,\"ShouldContinueAfterAction\":false,\"IsEnabled\":false,\"ActivityId\":\"1.103\",\"ActivityName\":\"Invoke ProcessTransaction workflow\"},{\"ConditionalExpression\":null,\"ActionExpression\":null,\"ExpectedHitCounter\":null,\"ShouldContinueAfterAction\":false,\"IsEnabled\":false,\"ActivityId\":\"1.83\",\"ActivityName\":\"Invoke SetTransactionStatus workflow\"}],\"Framework/GetTransactionData.xaml\":[{\"ConditionalExpression\":null,\"ActionExpression\":null,\"ExpectedHitCounter\":null,\"ShouldContinueAfterAction\":false,\"IsEnabled\":false,\"ActivityId\":\"1.3\",\"ActivityName\":\"Write Transaction info in Logging Fields\"},{\"ConditionalExpression\":null,\"ActionExpression\":null,\"ExpectedHitCounter\":null,\"ShouldContinueAfterAction\":false,\"IsEnabled\":false,\"ActivityId\":\"1.16\",\"ActivityName\":\"If\"}],\"Framework/SetTransactionStatus.xaml\":[{\"ConditionalExpression\":null,\"ActionExpression\":null,\"ExpectedHitCounter\":null,\"ShouldContinueAfterAction\":false,\"IsEnabled\":false,\"ActivityId\":\"1.2\",\"ActivityName\":\"Success\"}]}}","ProjectWatches":"{\"Value\":[{\"Id\":\"6bbe3044-521d-4ae8-bdfa-00f0eca74c8a\",\"Expression\":\"NextPageExist\"},{\"Id\":\"4373c789-ff16-4e55-b825-b798786e0773\",\"Expression\":\"in_TransactionNumber\"},{\"Id\":\"982c236d-7ff8-4e5e-a515-6e5817641f42\",\"Expression\":\"TransactionItem\"}]}","OpenedDocuments":"[\"System1/System1_NavigateTo_WorkItems.xaml\",\"Test_Framework/RunAllTests.xaml\",\"UiPath_Lesson-3_1st/Test_Framework/RunAllTests.xaml\",\"Framework/GetTransactionData.xaml\",\"Process.xaml\",\"Framework/SetTransactionStatus.xaml\",\"Main.xaml\"]","LibraryProjectSettings":"{\"IncludeSourcesByDefault\":true,\"DefaultActivitiesRootCategories\":[null]}"}