{"ProjectBreakpoints":"{\"Value\":{\"Main.xaml\":[{\"ConditionalExpression\":null,\"ActionExpression\":null,\"ExpectedHitCounter\":null,\"ShouldContinueAfterAction\":false,\"IsEnabled\":false,\"ActivityId\":\"1.22\",\"ActivityName\":\"Literal<String>\"},{\"ConditionalExpression\":null,\"ActionExpression\":null,\"ExpectedHitCounter\":null,\"ShouldContinueAfterAction\":false,\"IsEnabled\":false,\"ActivityId\":\"1.15\",\"ActivityName\":\"Assign excepton to SystemError\"},{\"ConditionalExpression\":null,\"ActionExpression\":null,\"ExpectedHitCounter\":null,\"ShouldContinueAfterAction\":false,\"IsEnabled\":false,\"ActivityId\":\"1.21\",\"ActivityName\":\"Invoke InitiAllApplications workflow\"},{\"ConditionalExpression\":null,\"ActionExpression\":null,\"ExpectedHitCounter\":null,\"ShouldContinueAfterAction\":false,\"IsEnabled\":false,\"ActivityId\":\"1.173\",\"ActivityName\":\"Invoke GetTransactionData workflow\"}],\"Framework/GetTransactionData.xaml\":[{\"ConditionalExpression\":null,\"ActionExpression\":null,\"ExpectedHitCounter\":null,\"ShouldContinueAfterAction\":false,\"IsEnabled\":false,\"ActivityId\":\"1.5\",\"ActivityName\":\"Write Transaction info in Logging Fields\"}]}}","ProjectWatches":"{\"Value\":[{\"Id\":\"7053d477-4535-477b-b960-3fc47b88b6e4\",\"Expression\":\"cint(in_TransactionItem(\\\"WIID\\\"))\"},{\"Id\":\"3e967354-7351-486b-ae23-7a519f87327c\",\"Expression\":\"in_Config(\\\"System1 URL\\\").ToString\"}]}","OpenedDocuments":"[\"Framework/GetAppCredentials.xaml\",\"Framework/GetTransactionData.xaml\",\"Framework/InitAllApplications.xaml\",\"System1/System1_NavigateTo_WIDetails.xaml\",\"Main.xaml\",\"System1/System1_UpdataWorkItem.xaml\",\"Process.xaml\"]"}