{"ProjectBreakpoints":"{\"Value\":{}}","OpenedDocuments":"[\"System1/System1_NavigateTo_UploadYearlyReport.xaml\",\"System1/System1_UploadYearlyReport.xaml\",\"Test_Framework/RunAllTests.xaml\",\"Framework/InitAllSettings.xaml\",\"System1/System1_CreateYearlyReport.xaml\",\"Process.xaml\",\"System1/System1_NavigateTo_MonthlyReport.xaml\",\"Main.xaml\"]","ProjectWatches":"{\"Value\":[{\"Id\":\"7ccfc957-7ce8-4115-9a01-ff689e95d3bc\",\"Expression\":\"in_TaxID\"},{\"Id\":\"ed1b6b57-8454-43df-afbc-7b7dc4974366\",\"Expression\":\"in_Year\"},{\"Id\":\"079536e1-664e-4c54-a2c1-a7891d788ca7\",\"Expression\":\"Months\"}]}","LibraryProjectSettings":"{\"IncludeSourcesByDefault\":true,\"DefaultActivitiesRootCategories\":[null]}"}